{
  "data":[
    {
      "name":"Lavender Kush",
      "ucpc":"9XVU77GL34000000000000000",
      "link":"https:\/\/www.cannabisreports.com\/api\/v1.0\/strains\/9XVU77GL34000000000000000",
      "qr":"https:\/\/www.cannabisreports.com\/strain-reports\/unknown-breeder\/lavender-kush\/qr-code.svg",
      "url":"https:\/\/www.cannabisreports.com\/strain-reports\/unknown-breeder\/lavender-kush",
      "image":"https:\/\/www.cannabisreports.com\/images\/strains\/no_image.png",
      "seedCompany":{
        "name":"Unknown Breeder",
        "ucpc":"9XVU700000000000000000000",
        "link":"https:\/\/www.cannabisreports.com\/api\/v1.0\/seed-companies\/9XVU700000000000000000000"
      },
      "genetics":{
        "names":false,
        "ucpc":false,
        "link":false
      },
      "lineage":[

      ],
      "children":{
        "count":0,
        "link":"https:\/\/www.cannabisreports.com\/api\/v1.0\/strains\/9XVU77GL34000000000000000\/children"
      },
      "reviews":{
        "count":0,
        "link":"https:\/\/www.cannabisreports.com\/api\/v1.0\/strains\/9XVU77GL34000000000000000\/reviews"
      },
      "createdAt":{
        "datetime":"2016-12-09 00:11:34",
        "timezone":"UTC"
      },
      "updatedAt":{
        "datetime":"2016-12-09 00:11:34",
        "timezone":"UTC"
      }
    },
    {
      "name":"Dirty Cookies",
      "ucpc":"9XVU73ERQ3000000000000000",
      "link":"https:\/\/www.cannabisreports.com\/api\/v1.0\/strains\/9XVU73ERQ3000000000000000",
      "qr":"https:\/\/www.cannabisreports.com\/strain-reports\/unknown-breeder\/dirty-cookies\/qr-code.svg",
      "url":"https:\/\/www.cannabisreports.com\/strain-reports\/unknown-breeder\/dirty-cookies",
      "image":"https:\/\/www.cannabisreports.com\/images\/strains\/no_image.png",
      "seedCompany":{
        "name":"Unknown Breeder",
        "ucpc":"9XVU700000000000000000000",
        "link":"https:\/\/www.cannabisreports.com\/api\/v1.0\/seed-companies\/9XVU700000000000000000000"
      },
      "genetics":{
        "names":"( White Fire OG (WiFi OG) x Herijuana ) x Girl Scout Cookies",
        "ucpc":"( PDQDDLKJUH000000000000000 x 9XVU792CUH000000000000000 ) x 4KXM32V9YF000000000000000",
        "link":"https:\/\/www.cannabisreports.com\/api\/v1.0\/strains\/9XVU73ERQ3000000000000000\/genetics"
      },
      "lineage":{
        "Afghanistan":"AF",
        "South Africa":"ZA"
      },
      "children":{
        "count":0,
        "link":"https:\/\/www.cannabisreports.com\/api\/v1.0\/strains\/9XVU73ERQ3000000000000000\/children"
      },
      "reviews":{
        "count":0,
        "link":"https:\/\/www.cannabisreports.com\/api\/v1.0\/strains\/9XVU73ERQ3000000000000000\/reviews"
      },
      "createdAt":{
        "datetime":"2016-08-11 20:03:40",
        "timezone":"UTC"
      },
      "updatedAt":{
        "datetime":"2016-08-11 20:03:40",
        "timezone":"UTC"
      }
    },
    {
      "name":"Doctor Cookies",
      "ucpc":"9XVU732GTR000000000000000",
      "link":"https:\/\/www.cannabisreports.com\/api\/v1.0\/strains\/9XVU732GTR000000000000000",
      "qr":"https:\/\/www.cannabisreports.com\/strain-reports\/unknown-breeder\/doctor-cookies\/qr-code.svg",
      "url":"https:\/\/www.cannabisreports.com\/strain-reports\/unknown-breeder\/doctor-cookies",
      "image":"https:\/\/www.cannabisreports.com\/images\/strains\/a\/full_a555e0fd3a862c9eaf126ed76521717fc09e54d0.jpg",
      "seedCompany":{
        "name":"Unknown Breeder",
        "ucpc":"9XVU700000000000000000000",
        "link":"https:\/\/www.cannabisreports.com\/api\/v1.0\/seed-companies\/9XVU700000000000000000000"
      },
      "genetics":{
        "names":"Forum Girl Scout Cookies (cut) x CBD MediHaze",
        "ucpc":"9XVU7P2XAC000000000000000 x KGQGE3RWVC000000000000000",
        "link":"https:\/\/www.cannabisreports.com\/api\/v1.0\/strains\/9XVU732GTR000000000000000\/genetics"
      },
      "lineage":{
        "Afghanistan":"AF",
        "Colombia":"CO",
        "India":"IN",
        "Mexico":"MX",
        "South Africa":"ZA",
        "Thailand":"TH",
        "United States":"US"
      },
      "children":{
        "count":0,
        "link":"https:\/\/www.cannabisreports.com\/api\/v1.0\/strains\/9XVU732GTR000000000000000\/children"
      },
      "reviews":{
        "count":0,
        "link":"https:\/\/www.cannabisreports.com\/api\/v1.0\/strains\/9XVU732GTR000000000000000\/reviews"
      },
      "createdAt":{
        "datetime":"2016-06-24 22:38:22",
        "timezone":"UTC"
      },
      "updatedAt":{
        "datetime":"2016-06-24 22:38:23",
        "timezone":"UTC"
      }
    },
    {
      "name":"Electric Mayhem",
      "ucpc":"9XVU7RPLLE000000000000000",
      "link":"https:\/\/www.cannabisreports.com\/api\/v1.0\/strains\/9XVU7RPLLE000000000000000",
      "qr":"https:\/\/www.cannabisreports.com\/strain-reports\/unknown-breeder\/electric-mayhem\/qr-code.svg",
      "url":"https:\/\/www.cannabisreports.com\/strain-reports\/unknown-breeder\/electric-mayhem",
      "image":"https:\/\/www.cannabisreports.com\/images\/strains\/no_image.png",
      "seedCompany":{
        "name":"Unknown Breeder",
        "ucpc":"9XVU700000000000000000000",
        "link":"https:\/\/www.cannabisreports.com\/api\/v1.0\/seed-companies\/9XVU700000000000000000000"
      },
      "genetics":{
        "names":"White Widow \/ Granddaddy Purple (GDP) \/ Green Crack \/ Mango ???",
        "ucpc":"K3TYMWC3HY000000000000000 \/ 9XVU7HA9KV000000000000000 \/ 9XVU7XQD9D000000000000000 \/ 3AQF2ZRVGD000000000000000 ???",
        "link":"https:\/\/www.cannabisreports.com\/api\/v1.0\/strains\/9XVU7RPLLE000000000000000\/genetics"
      },
      "lineage":{
        "Afghanistan":"AF",
        "Brazil":"BR",
        "Colombia":"CO",
        "India":"IN",
        "Mexico":"MX",
        "Thailand":"TH",
        "Ukraine":"UA"
      },
      "children":{
        "count":0,
        "link":"https:\/\/www.cannabisreports.com\/api\/v1.0\/strains\/9XVU7RPLLE000000000000000\/children"
      },
      "reviews":{
        "count":0,
        "link":"https:\/\/www.cannabisreports.com\/api\/v1.0\/strains\/9XVU7RPLLE000000000000000\/reviews"
      },
      "createdAt":{
        "datetime":"2016-06-23 17:39:27",
        "timezone":"UTC"
      },
      "updatedAt":{
        "datetime":"2016-06-23 17:40:04",
        "timezone":"UTC"
      }
    },
    {
      "name":"My Friend Jack",
      "ucpc":"9XVU7ERQUT000000000000000",
      "link":"https:\/\/www.cannabisreports.com\/api\/v1.0\/strains\/9XVU7ERQUT000000000000000",
      "qr":"https:\/\/www.cannabisreports.com\/strain-reports\/unknown-breeder\/my-friend-jack\/qr-code.svg",
      "url":"https:\/\/www.cannabisreports.com\/strain-reports\/unknown-breeder\/my-friend-jack",
      "image":"https:\/\/www.cannabisreports.com\/images\/strains\/no_image.png",
      "seedCompany":{
        "name":"Unknown Breeder",
        "ucpc":"9XVU700000000000000000000",
        "link":"https:\/\/www.cannabisreports.com\/api\/v1.0\/seed-companies\/9XVU700000000000000000000"
      },
      "genetics":{
        "names":false,
        "ucpc":false,
        "link":false
      },
      "lineage":{
        "Afghanistan":"AF"
      },
      "children":{
        "count":0,
        "link":"https:\/\/www.cannabisreports.com\/api\/v1.0\/strains\/9XVU7ERQUT000000000000000\/children"
      },
      "reviews":{
        "count":0,
        "link":"https:\/\/www.cannabisreports.com\/api\/v1.0\/strains\/9XVU7ERQUT000000000000000\/reviews"
      },
      "createdAt":{
        "datetime":"2016-06-20 17:13:16",
        "timezone":"UTC"
      },
      "updatedAt":{
        "datetime":"2016-06-20 17:19:33",
        "timezone":"UTC"
      }
    },
    {
      "name":"Sour Cat",
      "ucpc":"9XVU7WAZYJ000000000000000",
      "link":"https:\/\/www.cannabisreports.com\/api\/v1.0\/strains\/9XVU7WAZYJ000000000000000",
      "qr":"https:\/\/www.cannabisreports.com\/strain-reports\/unknown-breeder\/sour-cat\/qr-code.svg",
      "url":"https:\/\/www.cannabisreports.com\/strain-reports\/unknown-breeder\/sour-cat",
      "image":"https:\/\/www.cannabisreports.com\/images\/strains\/no_image.png",
      "seedCompany":{
        "name":"Unknown Breeder",
        "ucpc":"9XVU700000000000000000000",
        "link":"https:\/\/www.cannabisreports.com\/api\/v1.0\/seed-companies\/9XVU700000000000000000000"
      },
      "genetics":{
        "names":"Sour Lemon OG x Cannatonic",
        "ucpc":"GZY2LUNTQR000000000000000 x PW7Q4VUUKD000000000000000",
        "link":"https:\/\/www.cannabisreports.com\/api\/v1.0\/strains\/9XVU7WAZYJ000000000000000\/genetics"
      },
      "lineage":{
        "Afghanistan":"AF",
        "Mexico":"MX",
        "United States":"US"
      },
      "children":{
        "count":0,
        "link":"https:\/\/www.cannabisreports.com\/api\/v1.0\/strains\/9XVU7WAZYJ000000000000000\/children"
      },
      "reviews":{
        "count":0,
        "link":"https:\/\/www.cannabisreports.com\/api\/v1.0\/strains\/9XVU7WAZYJ000000000000000\/reviews"
      },
      "createdAt":{
        "datetime":"2016-06-16 19:33:56",
        "timezone":"UTC"
      },
      "updatedAt":{
        "datetime":"2016-06-16 19:33:56",
        "timezone":"UTC"
      }
    },
    {
      "name":"Red Lemon",
      "ucpc":"9XVU74F297000000000000000",
      "link":"https:\/\/www.cannabisreports.com\/api\/v1.0\/strains\/9XVU74F297000000000000000",
      "qr":"https:\/\/www.cannabisreports.com\/strain-reports\/unknown-breeder\/red-lemon\/qr-code.svg",
      "url":"https:\/\/www.cannabisreports.com\/strain-reports\/unknown-breeder\/red-lemon",
      "image":"https:\/\/www.cannabisreports.com\/images\/strains\/no_image.png",
      "seedCompany":{
        "name":"Unknown Breeder",
        "ucpc":"9XVU700000000000000000000",
        "link":"https:\/\/www.cannabisreports.com\/api\/v1.0\/seed-companies\/9XVU700000000000000000000"
      },
      "genetics":{
        "names":"Red Dragon x Lemon OG Kush",
        "ucpc":"WAVLJEFFJT000000000000000 x TTUYNWX3TA000000000000000",
        "link":"https:\/\/www.cannabisreports.com\/api\/v1.0\/strains\/9XVU74F297000000000000000\/genetics"
      },
      "lineage":{
        "Afghanistan":"AF",
        "Brazil":"BR",
        "Colombia":"CO",
        "Mexico":"MX",
        "Thailand":"TH"
      },
      "children":{
        "count":0,
        "link":"https:\/\/www.cannabisreports.com\/api\/v1.0\/strains\/9XVU74F297000000000000000\/children"
      },
      "reviews":{
        "count":0,
        "link":"https:\/\/www.cannabisreports.com\/api\/v1.0\/strains\/9XVU74F297000000000000000\/reviews"
      },
      "createdAt":{
        "datetime":"2016-06-16 19:32:04",
        "timezone":"UTC"
      },
      "updatedAt":{
        "datetime":"2016-06-16 19:32:04",
        "timezone":"UTC"
      }
    },
    {
      "name":"Acid Dough",
      "ucpc":"JLJNZ3RGYY000000000000000",
      "link":"https:\/\/www.cannabisreports.com\/api\/v1.0\/strains\/JLJNZ3RGYY000000000000000",
      "qr":"https:\/\/www.cannabisreports.com\/strain-reports\/ripper-seeds\/acid-dough\/qr-code.svg",
      "url":"https:\/\/www.cannabisreports.com\/strain-reports\/ripper-seeds\/acid-dough",
      "image":"https:\/\/www.cannabisreports.com\/images\/strains\/9\/full_94ac38e7dbb3e8c7bcad9e7b83f56075a812350b.jpg",
      "seedCompany":{
        "name":"Ripper Seeds",
        "ucpc":"JLJNZ00000000000000000000",
        "link":"https:\/\/www.cannabisreports.com\/api\/v1.0\/seed-companies\/JLJNZ00000000000000000000"
      },
      "genetics":{
        "names":"Lilly (Guild) x OG Badazz",
        "ucpc":"7URPKLGAUZ000000000000000 x 9XVU7ZFGXJ000000000000000",
        "link":"https:\/\/www.cannabisreports.com\/api\/v1.0\/strains\/JLJNZ3RGYY000000000000000\/genetics"
      },
      "lineage":{
        "Afghanistan":"AF",
        "Congo - Brazzaville":"CG",
        "Congo - Kinshasa":"CD",
        "India":"IN",
        "Pakistan":"PK",
        "R\u00e9union":"RE"
      },
      "children":{
        "count":0,
        "link":"https:\/\/www.cannabisreports.com\/api\/v1.0\/strains\/JLJNZ3RGYY000000000000000\/children"
      },
      "reviews":{
        "count":0,
        "link":"https:\/\/www.cannabisreports.com\/api\/v1.0\/strains\/JLJNZ3RGYY000000000000000\/reviews"
      },
      "createdAt":{
        "datetime":"2016-06-16 17:06:33",
        "timezone":"UTC"
      },
      "updatedAt":{
        "datetime":"2016-06-16 17:06:34",
        "timezone":"UTC"
      }
    },
    {
      "name":"OG Badazz",
      "ucpc":"9XVU7ZFGXJ000000000000000",
      "link":"https:\/\/www.cannabisreports.com\/api\/v1.0\/strains\/9XVU7ZFGXJ000000000000000",
      "qr":"https:\/\/www.cannabisreports.com\/strain-reports\/unknown-breeder\/og-badazz\/qr-code.svg",
      "url":"https:\/\/www.cannabisreports.com\/strain-reports\/unknown-breeder\/og-badazz",
      "image":"https:\/\/www.cannabisreports.com\/images\/strains\/no_image.png",
      "seedCompany":{
        "name":"Unknown Breeder",
        "ucpc":"9XVU700000000000000000000",
        "link":"https:\/\/www.cannabisreports.com\/api\/v1.0\/seed-companies\/9XVU700000000000000000000"
      },
      "genetics":{
        "names":"( OG Kush x Afghan Kush ) x Purple Urkle",
        "ucpc":"( 9XVU7GD2AP000000000000000 x 6Z3CV9HXA6000000000000000 ) x 9XVU7M3ZXJ000000000000000",
        "link":"https:\/\/www.cannabisreports.com\/api\/v1.0\/strains\/9XVU7ZFGXJ000000000000000\/genetics"
      },
      "lineage":{
        "Afghanistan":"AF"
      },
      "children":{
        "count":1,
        "link":"https:\/\/www.cannabisreports.com\/api\/v1.0\/strains\/9XVU7ZFGXJ000000000000000\/children"
      },
      "reviews":{
        "count":0,
        "link":"https:\/\/www.cannabisreports.com\/api\/v1.0\/strains\/9XVU7ZFGXJ000000000000000\/reviews"
      },
      "createdAt":{
        "datetime":"2016-06-16 17:05:38",
        "timezone":"UTC"
      },
      "updatedAt":{
        "datetime":"2016-06-16 17:05:38",
        "timezone":"UTC"
      }
    },
    {
      "name":"Alice (Delicatessen)",
      "ucpc":"JZRZVRARZ4000000000000000",
      "link":"https:\/\/www.cannabisreports.com\/api\/v1.0\/strains\/JZRZVRARZ4000000000000000",
      "qr":"https:\/\/www.cannabisreports.com\/strain-reports\/delicatessen\/alice-delicatessen\/qr-code.svg",
      "url":"https:\/\/www.cannabisreports.com\/strain-reports\/delicatessen\/alice-delicatessen",
      "image":"https:\/\/www.cannabisreports.com\/images\/strains\/no_image.png",
      "seedCompany":{
        "name":"Delicatessen",
        "ucpc":"JZRZV00000000000000000000",
        "link":"https:\/\/www.cannabisreports.com\/api\/v1.0\/seed-companies\/JZRZV00000000000000000000"
      },
      "genetics":{
        "names":"Queen Mother (Reina Madre) x Congo (Bangi)",
        "ucpc":"JZRZVNZT37000000000000000 x JCEP2CQD2H000000000000000",
        "link":"https:\/\/www.cannabisreports.com\/api\/v1.0\/strains\/JZRZVRARZ4000000000000000\/genetics"
      },
      "lineage":{
        "Congo - Brazzaville":"CG",
        "India":"IN",
        "Pakistan":"PK",
        "R\u00e9union":"RE"
      },
      "children":{
        "count":0,
        "link":"https:\/\/www.cannabisreports.com\/api\/v1.0\/strains\/JZRZVRARZ4000000000000000\/children"
      },
      "reviews":{
        "count":0,
        "link":"https:\/\/www.cannabisreports.com\/api\/v1.0\/strains\/JZRZVRARZ4000000000000000\/reviews"
      },
      "createdAt":{
        "datetime":"2016-06-16 17:02:55",
        "timezone":"UTC"
      },
      "updatedAt":{
        "datetime":"2016-06-16 17:02:56",
        "timezone":"UTC"
      }
    }
  ],
  "meta":{
    "pagination":{
      "total":9007,
      "count":10,
      "per_page":10,
      "current_page":1,
      "total_pages":901,
      "links":{
        "next":"https:\/\/www.cannabisreports.com\/api\/v1.0\/strains?page=2"
      }
    }
  }
}